Workbook

Sheet Details
A1: Name | B1: Handicap | C1: A Course Stroking - Fourball | D1: A Course Stroking - Singles | E1: A Course Stroking - Singles 9A | F1: 9B Stroking | H1: Anuj | K1: Ashu B'ram | N1: Ashu Jain | Q1: Bharat | T1: Biku | W1: Gaggy | Z1: Gaurav | AC1: Jaideep | AF1: Jaivi | AI1: Imran | AL1: Kartik B'ram | AO1: Luvy | AR1: Nutty | AU1: Poky | AX1: Pran | BA1: Raul | BD1: Rishab | BG1: Sam | BJ1: Sikki | BM1: Utkarsh | BP1: Vijit | BT1: Vishal
B2: A | C2: B | D2: C | E2: C | F2: D | H2: Scores | I2: Handicap | K2: Scores | L2: Handicap | N2: Scores | O2: Handicap | Q2: Scores | R2: Handicap | T2: Scores | U2: Handicap | W2: Scores | X2: Handicap | Z2: Scores | AA2: Handicap | AC2: Scores | AD2: Handicap | AF2: Scores | AG2: Handicap | AI2: Scores | AJ2: Handicap | AL2: Scores | AM2: Handicap | AO2: Scores | AP2: Handicap | AR2: Scores | AS2: Handicap | AU2: Scores | AV2: Handicap | AX2: Scores | AY2: Handicap | BA2: Scores | BB2: Handicap | BD2: Scores | BE2: Handicap | BG2: Scores | BH2: Handicap | BJ2: Scores | BK2: Handicap | BM2: Scores | BN2: Handicap | BP2: Scores | BQ2: Handicap | BT2: Scores | BU2: Handicap
A3: Poky | B3: =Details!AV3 -> 4.8333333 | C3: 0 | D3: =(B3-$B$3) -> 0 | E3: =(B4-$B$4)/2 -> 0 | F3: =(B4-$B$4)*0.6/2 -> 0 | I3: {=SUM(SMALL(H5:H16,{1,2,3,4,5,6}))/6} -> 11.533333 | L3: {=SUM(SMALL(K5:K16,{1,2,3,4,5,6}))/6} -> 13.666667 | O3: {=SUM(SMALL(N5:N16,{1,2,3,4,5,6}))/6} -> 14.333333 | R3: {=SUM(SMALL(Q5:Q16,{1,2,3,4,5,6}))/6} -> 12.5 | U3: {=SUM(SMALL(T5:T16,{1,2,3,4,5,6}))/6} -> 10.633333 | X3: {=SUM(SMALL(W5:W16,{1,2,3,4,5,6}))/6} -> 15.333333 | AA3: {=SUM(SMALL(Z5:Z16,{1,2,3,4,5,6}))/6} -> 11.166667 | AD3: {=SUM(SMALL(AC5:AC16,{1,2,3,4,5,6}))/6} -> 14.928571 | AG3: {=SUM(SMALL(AF5:AF16,{1,2,3,4,5,6}))/6} -> 11.666667 | AJ3: {=SUM(SMALL(AI5:AI16,{1,2,3,4,5,6}))/6} -> 10.933333 | AM3: {=SUM(SMALL(AL5:AL16,{1,2,3,4,5,6}))/6} -> 12.333333 | AP3: {=SUM(SMALL(AO5:AO16,{1,2,3,4,5,6}))/6} -> 12.833333 | AS3: {=SUM(SMALL(AR5:AR16,{1,2,3,4,5,6}))/6} -> 5.1666667 | AV3: {=SUM(SMALL(AU5:AU16,{1,2,3,4,5,6}))/6} -> 4.8333333 | AY3: {=SUM(SMALL(AX5:AX16,{1,2,3,4,5,6}))/6} -> 15.738095 | BB3: {=SUM(SMALL(BA5:BA16,{1,2,3,4,5,6}))/6} -> 5.1666667 | BE3: {=SUM(SMALL(BD5:BD16,{1,2,3,4,5,6}))/6} -> 13.142857 | BH3: {=SUM(SMALL(BG5:BG16,{1,2,3,4,5,6}))/6} -> 13.375 | BK3: {=SUM(SMALL(BJ5:BJ16,{1,2,3,4,5,6}))/6} -> 10.416667 | BN3: {=SUM(SMALL(BM5:BM16,{1,2,3,4,5,6}))/6} -> 11.333333 | BQ3: {=SUM(SMALL(BP5:BP16,{1,2,3,4,5,6}))/6} -> 12.137255 | BU3: {=SUM(SMALL(BT5:BT16,{1,2,3,4,5,6}))/6} -> 10.833333
A4: Raul | B4: =Details!BB3 -> 5.1666667 | C4: =D4*0.75 -> 0.25 | D4: =(B4-$B$3) -> 0.33333333 | E4: =(B3-$B$4)/2 -> -0.16666667 | F4: =(B3-$B$4)*0.6/2 -> -0.1
A5: Nutty | B5: =Details!AS3 -> 5.1666667 | C5: =D5*0.75 -> 0.25 | D5: =(B5-$B$3) -> 0.33333333 | E5: =(#REF!-$B$4)/2 -> #REF! | F5: =(#REF!-$B$4)*0.6/2 -> #REF! | H5: 8 | K5: 24 | N5: 16 | Q5: 14 | T5: 10 | W5: 24 | Z5: 10 | AC5: =9*18/14 -> 11.571429 | AF5: 14 | AI5: 13 | AL5: 16 | AO5: 18 | AR5: 6 | AU5: 3 | AX5: 15 | BA5: 4 | BD5: 16 | BG5: 13 | BJ5: 5 | BM5: =10*18/14 -> 12.857143 | BP5: 13 | BR5: April 3 - DGC Blue | BT5: 14
A6: Sikki | B6: =Details!BK3 -> 10.416667 | C6: =D6*0.75 -> 4.1875 | D6: =(B6-$B$3) -> 5.5833333 | E6: =(B5-$B$4)/2 -> 0 | F6: =(B5-$B$4)*0.6/2 -> 0 | H6: 11 | K6: 9 | N6: 14 | Q6: 18 | T6: 18 | W6: 19 | Z6: 17 | AC6: 16 | AF6: 13 | AI6: 11 | AL6: 16 | AO6: 20 | AR6: 6 | AU6: 8 | AX6: 21 | BA6: 12 | BD6: 18 | BG6: 18 | BJ6: 18 | BM6: 11 | BP6: 12 | BR6: April 1 - DGC Blue | BT6: 18
A7: Biku | B7: =Details!U3 -> 10.633333 | C7: =D7*0.75 -> 4.35 | D7: =(B7-$B$3) -> 5.8 | E7: =(B6-$B$4)/2 -> 2.625 | F7: =(B6-$B$4)*0.6/2 -> 1.575 | H7: 20 | K7: 15 | N7: 20 | Q7: 16 | T7: 12 | W7: 21 | Z7: 16 | AC7: 14 | AF7: 13 | AI7: 17 | AL7: 17 | AO7: 19 | AR7: 9 | AU7: 15 | AX7: =12*18/14 -> 15.428571 | BA7: 5 | BD7: 17 | BG7: 18 | BJ7: 8 | BM7: 8 | BP7: 18 | BR7: March 30 - DGC Blue | BT7: 14
A8: Vishal | B8: =Details!BU3 -> 10.833333 | C8: =D8*0.75 -> 4.5 | D8: =(B8-$B$3) -> 6 | E8: =(B8-$B$4)/2 -> 2.8333333 | F8: =(B8-$B$4)*0.6/2 -> 1.7 | H8: 13 | K8: 14 | N8: 15 | Q8: 14 | T8: 8 | W8: 19 | Z8: 16 | AC8: 15 | AF8: 12 | AI8: 12 | AL8: 15 | AO8: 17 | AR8: 9 | AU8: 10 | AX8: 20 | BA8: 7 | BD8: 9 | BG8: 20 | BJ8: =15*1.1 -> 16.5 | BM8: 11 | BP8: =14*18/17 -> 14.823529 | BR8: March 27 - JP Yellow | BT8: 15
A9: Gaurav | B9: =Details!AA3 -> 11.166667 | C9: =D9*0.75 -> 4.75 | D9: =(B9-$B$3) -> 6.3333333 | E9: =(B9-$B$4)/2 -> 3 | F9: =(B9-$B$4)*0.6/2 -> 1.8 | H9: =16*1.2 -> 19.2 | K9: 20 | N9: 15 | Q9: 16 | T9: 15 | W9: 18 | Z9: 14 | AC9: 15 | AF9: 16 | AI9: 11 | AL9: 24 | AO9: 12 | AR9: 8 | AU9: 8 | AX9: 19 | BA9: 5 | BD9: =10*18/14 -> 12.857143 | BG9: 16 | BJ9: =15*0.9 -> 13.5 | BM9: 18 | BP9: =16*1.1 -> 17.6 | BR9: March 22 - Lado Black | BT9: 16
A10: Utkarsh | B10: =Details!BN3 -> 11.333333 | C10: =D10*0.75 -> 4.875 | D10: =(B10-$B$3) -> 6.5 | E10: =(B10-$B$4)/2 -> 3.0833333 | F10: =(B10-$B$4)*0.6/2 -> 1.85 | H10: =11*1.2 -> 13.2 | K10: 17 | N10: 23 | Q10: 20 | T10: 11 | W10: 13 | Z10: =11*18/14 -> 14.142857 | AC10: 19 | AF10: 16 | AI10: 15 | AL10: 12 | AO10: 15 | AR10: =13*0.8 -> 10.4 | AU10: 7 | AX10: 20 | BA10: 8 | BD10: 19 | BG10: 15 | BJ10: 10 | BM10: 17 | BP10: =16*1.1 -> 17.6 | BR10: March 20 - JP Yellow | BT10: 13
A11: Anuj | B11: =Details!I3 -> 11.533333 | C11: =D11*0.75 -> 5.025 | D11: =(B11-$B$3) -> 6.7 | E11: =(B11-$B$4)/2 -> 3.1833333 | F11: =(B11-$B$4)*0.6/2 -> 1.91 | H11: 14 | K11: 17 | N11: 22 | Q11: 16 | T11: =11*1.1 -> 12.1 | W11: 16 | Z11: 14 | AC11: 22 | AF11: 18 | AI11: 15 | AL11: 13 | AO11: 16 | AR11: 6 | AU11: 6 | AX11: 21 | BA11: 7 | BD11: 13 | BG11: 23 | BJ11: 20 | BM11: 16 | BP11: =14*1.1 -> 15.4 | BR11: March 15 - Lado Black | BT11: 10
A12: Jaivi | B12: =Details!AG3 -> 11.666667 | C12: =D12*0.75 -> 5.125 | D12: =(B12-$B$3) -> 6.8333333 | E12: =(#REF!-$B$4)/2 -> #REF! | F12: =(#REF!-$B$4)*0.6/2 -> #REF! | H12: 15 | K12: 14 | N12: 16 | Q12: 15 | T12: 18 | W12: 10 | Z12: 13 | AC12: =19*1.1 -> 20.9 | AF12: 13 | AI12: 13 | AL12: 14 | AO12: 15 | AR12: 6 | AU12: 4 | AX12: 16 | BA12: 3 | BD12: 16 | BG12: 13 | BJ12: 18 | BM12: 20 | BP12: =7*18/14 -> 9 | BR12: March 12 - JP Yellow | BT12: 9
A13: Vijit | B13: =Details!BQ3 -> 12.137255 | C13: =D13*0.75 -> 5.4779412 | D13: =(B13-$B$3) -> 7.3039216 | E13: =(B12-$B$4)/2 -> 3.25 | F13: =(B12-$B$4)*0.6/2 -> 1.95 | H13: 15 | K13: 24 | N13: 18 | Q13: =9 -> 9 | T13: 19 | W13: 22 | Z13: 14 | AC13: =23*0.8 -> 18.4 | AF13: 18 | AI13: 15 | AL13: 12 | AO13: 14 | AR13: 13 | AU13: 7 | AX13: 15 | BA13: 15 | BD13: 14 | BG13: 10 | BJ13: 22 | BM13: 11 | BP13: 10 | BR13: March 15 - Lado Black | BT13: 9
A14: Kartk B'ram | B14: =Details!AM3 -> 12.333333 | C14: =D14*0.75 -> 5.625 | D14: =(B14-$B$3) -> 7.5 | E14: =(B13-$B$4)/2 -> 3.4852941 | F14: =(B13-$B$4)*0.6/2 -> 2.0911765 | H14: 21 | K14: 14 | N14: 18 | Q14: 18 | T14: 18 | W14: 16 | Z14: 13 | AC14: 18 | AF14: 8 | AI14: 11 | AL14: 12 | AO14: 16 | AR14: 17 | AU14: 5 | AX14: 18 | BA14: 12 | BD14: 18 | BG14: 18 | BJ14: 13 | BM14: =16*1.1 -> 17.6 | BP14: 20 | BR14: March 5 - DGC Blue | BT14: 18
A15: Bharat | B15: =Details!R3 -> 12.5 | C15: =D15*0.75 -> 5.75 | D15: =(B15-$B$3) -> 7.6666667 | E15: =(B14-$B$4)/2 -> 3.5833333 | F15: =(B14-$B$4)*0.6/2 -> 2.15 | H15: 10 | K15: 20 | N15: 12 | Q15: 12 | T15: =9*18/15 -> 10.8 | W15: 21 | Z15: 7 | AC15: =18*1.1 -> 19.8 | AF15: 17 | AI15: 11 | AL15: 15 | AO15: 10 | AR15: 4 | AU15: 4 | AX15: 15 | BA15: 8 | BD15: 14 | BG15: =13*18/16 -> 14.625 | BJ15: =15*18/17 -> 15.882353 | BM15: 17 | BP15: 17 | BR15: March 4 - DGC Blue | BT15: 10
A16: Luvy | B16: =Details!AP3 -> 12.833333 | C16: =D16*0.75 -> 6 | D16: =(B16-$B$3) -> 8 | E16: =(B15-$B$4)/2 -> 3.6666667 | F16: =(B15-$B$4)*0.6/2 -> 2.2 | H16: 23 | K16: 16 | N16: 14 | Q16: 11 | T16: 12 | W16: 20 | Z16: 10 | AC16: 22 | AF16: 11 | AI16: =8*18/15 -> 9.6 | AL16: 11 | AO16: 11 | AR16: 3 | AU16: 11 | AX16: 19 | BA16: 10 | BD16: 20 | BG16: =13*18/16 -> 14.625 | BJ16: 13 | BM16: =11*18/14 -> 14.142857 | BP16: 14 | BR16: March 1 - DGC Blue | BT16: 15
A17: Rishab | B17: =Details!BE3 -> 13.142857 | C17: =D17*0.75 -> 6.2321429 | D17: =(B17-$B$3) -> 8.3095238 | E17: =(B16-$B$4)/2 -> 3.8333333 | F17: =(B16-$B$4)*0.6/2 -> 2.3 | H17: 13 | K17: 21 | N17: 17 | Q17: 17 | T17: 14 | W17: 15 | Z17: 12 | AC17: 15 | AF17: 17 | AI17: 10 | AL17: 6 | AO17: 12 | AR17: 10 | AU17: 5 | AX17: 20 | BA17: 6 | BD17: 18 | BG17: 16 | BJ17: 11 | BM17: 20 | BP17: 18 | BR17: Feb 26 - DGC Blue | BT17: 13
A18: Sam | B18: =Details!BH3 -> 13.375 | C18: =D18*0.75 -> 6.40625 | D18: =(B18-$B$3) -> 8.5416667 | E18: =(B17-$B$4)/2 -> 3.9880952 | F18: =(B17-$B$4)*0.6/2 -> 2.3928571 | H18: 14 | K18: 17 | N18: 17 | Q18: 15 | T18: 13 | W18: 19 | Z18: 17 | AC18: =12*18/15 -> 14.4 | AF18: =12*1.1 -> 13.2 | AI18: =12*1.2 -> 14.4 | AL18: 16 | AO18: 8 | AR18: 8 | AU18: 6 | AX18: 22 | BA18: 10 | BD18: 19 | BG18: 17 | BJ18: 14 | BM18: 20 | BP18: 13 | BR18: Feb 22 - DGC Blue | BT18: 18
A19: Ashu B'ram | B19: =Details!L3 -> 13.666667 | C19: =D19*0.75 -> 6.625 | D19: =(B19-$B$3) -> 8.8333333 | E19: =(B18-$B$4)/2 -> 4.1041667 | F19: =(B18-$B$4)*0.6/2 -> 2.4625 | H19: =15*1.1 -> 16.5 | K19: 16 | N19: 10 | Q19: 14 | T19: 13 | W19: 19 | Z19: 14 | AC19: 18 | AF19: =13*1.1 -> 14.3 | AI19: 12 | AL19: 8 | AO19: 11 | AR19: 21 | AU19: 6 | AX19: 16 | BA19: 5 | BD19: 10 | BG19: 16 | BJ19: =8*18/14 -> 10.285714 | BM19: 16 | BP19: =15*18/16 -> 16.875 | BR19: 89 on Feb 20 - DLF Blue @ 80% | BT19: 17
A20: Ashu Jain | B20: =Details!O3 -> 14.333333 | C20: =D20*0.75 -> 7.125 | D20: =(B20-$B$3) -> 9.5 | E20: =(#REF!-$B$4)/2 -> #REF! | F20: =(#REF!-$B$4)*0.6/2 -> #REF! | H20: 20 | K20: 15 | N20: 17 | Q20: 18 | T20: 12 | W20: 15 | Z20: 8 | AC20: 16 | AF20: 11 | AI20: 14 | AL20: 13 | AO20: 17 | AR20: 3 | AU20: 8 | AX20: 17 | BA20: 6 | BD20: 12 | BG20: 14 | BJ20: 11 | BM20: 18 | BP20: 17 | BR20: Feb 16 - DGC Blue | BT20: 5
A21: Jaideep | B21: =Details!AD3 -> 14.928571 | C21: =D21*0.75 -> 7.5714286 | D21: =(B21-$B$3) -> 10.095238 | E21: =(B19-$B$4)/2 -> 4.25 | F21: =(B19-$B$4)*0.6/2 -> 2.55 | H21: 7 | K21: 14 | N21: 12 | Q21: 16 | T21: =13*0.8 -> 10.4 | W21: 11 | Z21: 18 | AC21: 10 | AF21: 20 | AI21: 18 | AL21: 15 | AO21: 13 | AR21: 7 | AU21: 5 | AX21: 19 | BA21: 9 | BD21: 18 | BG21: 18 | BJ21: 8 | BM21: 18 | BP21: 10 | BR21: 91 on Feb 12 - JP Yellows @ +10% | BT21: 15
A22: Gaggy | B22: =Details!X3 -> 15.333333 | C22: =D22*0.75 -> 7.875 | D22: =(B22-$B$3) -> 10.5 | E22: =(B20-$B$4)/2 -> 4.5833333 | F22: =(B20-$B$4)*0.6/2 -> 2.75 | H22: 22 | K22: 9 | N22: 7 | Q22: 13 | T22: =20*0.8 -> 16 | W22: 20 | Z22: 15 | AC22: 10 | AF22: 16 | AI22: 8 | AL22: 11 | AO22: 16 | AR22: 6 | AU22: 8 | AX22: 14 | BA22: 10 | BD22: 13 | BG22: 20 | BJ22: 10 | BM22: 6 | BP22: 15 | BR22: Feb 8 - DGC Blue | BT22: 17
A23: Pran | B23: =Details!AY3 -> 15.738095 | C23: =D23*0.75 -> 8.1785714 | D23: =(B23-$B$3) -> 10.904762 | E23: =(B21-$B$4)/2 -> 4.8809524 | F23: =(B21-$B$4)*0.6/2 -> 2.9285714 | H23: 21 | K23: 16 | N23: 13 | Q23: 13 | T23: 12 | W23: 17 | Z23: 15 | AC23: 13 | AF23: 13 | AI23: =13*1.1 -> 14.3 | AL23: 13 | AO23: 15 | AR23: 14 | AU23: 12 | AX23: 16 | BA23: 3 | BD23: 9 | BG23: 16 | BJ23: 11 | BM23: 18 | BP23: 13 | BR23: 87 Feb 6 - ITC Blue @ +10% | BT23: 20
E24: =(B22-$B$4)/2 -> 5.0833333 | F24: =(B22-$B$4)*0.6/2 -> 3.05 | H24: 9 | K24: 14 | N24: 13 | Q24: 14 | T24: =7*18/14 -> 9 | W24: 15 | Z24: =7*18/15 -> 8.4 | AC24: 15 | AF24: 16 | AI24: 5 | AL24: 13 | AO24: 12 | AR24: 6 | AU24: 14 | AX24: 22 | BA24: 6 | BD24: 16 | BG24: 19 | BJ24: 15 | BM24: 13 | BP24: 18 | BR24: 90 on Feb 4 - DLF Blue @ 80% | BT24: =16*0.8 -> 12.8
E25: =(B23-$B$4)/2 -> 5.2857143 | F25: =(B23-$B$4)*0.6/2 -> 3.1714286 | H25: 17 | K25: 13 | N25: 8 | Q25: 15 | T25: 12 | W25: 18 | Z25: =14*18/16 -> 15.75 | AC25: 15 | AF25: 12 | AI25: 13 | AL25: 14 | AO25: 21 | AR25: 6 | AU25: 8 | AX25: 21 | BA25: -3 | BD25: 15 | BG25: 14 | BJ25: =15*18/14 -> 19.285714 | BM25: =12*18/14 -> 15.428571 | BP25: 19 | BT25: 15
H26: 17 | K26: 12 | N26: 12 | Q26: 14 | T26: 15 | W26: 22 | Z26: 14 | AC26: 15 | AF26: 12 | AI26: 10 | AL26: 12 | AO26: 10 | AR26: 11 | AU26: 7 | AX26: 20 | BA26: 8 | BD26: 8 | BG26: 11 | BJ26: 15 | BM26: 16 | BP26: 12 | BT26: 12
H27: 24 | K27: 19 | N27: 15 | Q27: 10 | T27: 15 | W27: 14 | Z27: 11 | AC27: 9 | AF27: =13*18/16 -> 14.625 | AI27: 10 | AL27: 10 | AO27: 12 | AR27: 9 | AU27: 6 | AX27: 19 | BA27: 9 | BD27: 12 | BG27: 16 | BJ27: 14 | BM27: 18 | BP27: 19 | BT27: 13
H28: 18 | K28: 16 | N28: 9 | Q28: 15 | T28: 11 | W28: 16 | Z28: 18 | AC28: =7*18/14 -> 9 | AF28: =12*1.2 -> 14.4 | AI28: 10 | AL28: 13 | AO28: 13 | AR28: 15 | AU28: 10 | AX28: 21 | BA28: 6 | BD28: 15 | BG28: 17 | BJ28: 22 | BM28: 16 | BP28: 14 | BT28: 14
A29: Formula for adjusting scores at non Delhi courses | H29: 17 | K29: =17*1.2 -> 20.4 | N29: 11 | Q29: 12 | T29: 14 | W29: 22 | Z29: 14 | AC29: 12 | AF29: 15 | AI29: 12 | AL29: 15 | AO29: 16 | AR29: 5 | AU29: 13 | AX29: 18 | BA29: 14 | BD29: 11 | BG29: 15 | BJ29: 18 | BM29: 13 | BP29: 22 | BT29: 7
A30: Actual Score | C30: 80 | H30: 18 | K30: =13*1.1 -> 14.3 | N30: 16 | Q30: 21 | T30: 15 | W30: 20 | Z30: 17 | AC30: 15 | AF30: 14 | AI30: 4 | AL30: 20 | AO30: 19 | AR30: 11 | AU30: 6 | AX30: 21 | BA30: 9 | BD30: 14 | BG30: 15 | BJ30: 21 | BM30: 16 | BP30: 12 | BT30: 13
A31: Course Rating | C31: 70.5 | H31: 20 | K31: 16 | N31: 13 | Q31: 12 | T31: 9 | W31: 22 | Z31: 10 | AC31: 19 | AF31: 15 | AI31: 17 | AL31: 13 | AO31: 24 | AR31: 7 | AU31: 4 | AX31: 21 | BA31: 8 | BD31: =12*1.1 -> 13.2 | BG31: 17 | BJ31: 17 | BM31: 18 | BP31: 9 | BT31: =15*1.1 -> 16.5
A32: Slope Rating | C32: 127 | H32: 12 | K32: =18*0.8 -> 14.4 | N32: 12 | Q32: 15 | T32: 8 | W32: =19*1.1 -> 20.9 | Z32: 10 | AC32: 13 | AF32: 17 | AI32: 12 | AL32: 13 | AO32: 22 | AR32: 12 | AU32: 11 | AX32: 24 | BA32: 10 | BD32: 17 | BG32: 14 | BJ32: 11 | BM32: 13 | BP32: =14*1.1 -> 15.4 | BT32: 10
A33: DGC Course Rating | C33: 73.1 | H33: =15*1.1 -> 16.5 | K33: 10 | N33: 11 | Q33: 17 | T33: =16*1.2 -> 19.2 | W33: =21*0.8 -> 16.8 | Z33: 10 | AC33: 10 | AF33: 17 | AI33: 6 | AL33: 6 | AO33: 18 | AR33: 11 | AU33: 8 | AX33: =16*1.1 -> 17.6 | BA33: 11 | BD33: 15 | BG33: 14 | BJ33: 18 | BM33: 15 | BP33: 11 | BT33: 15
A34: DGC Slope Rating | C34: 132 | H34: 13 | K34: =9*18/14 -> 11.571429 | N34: 12 | Q34: 13 | T34: 11 | W34: 19 | Z34: 15 | AC34: 10 | AF34: =13*1.1 -> 14.3 | AI34: 15 | AL34: 10 | AO34: 22 | AR34: 18 | AU34: 3 | AX34: 22 | BA34: 6 | BD34: 15 | BG34: 17 | BJ34: =(7*18/16)*1.1 -> 8.6625 | BM34: 16 | BP34: 15 | BT34: 13
A35: Adjusted Handicap | C35: =((C30-C31)*113/C32+1.1)*C34/113 -> 11.158972 | H35: 15 | K35: 10 | N35: 10 | Q35: 17 | T35: 13 | W35: 13 | Z35: 14 | AC35: 11 | AF35: 18 | AI35: 13 | AL35: 7 | AO35: 15 | AR35: 17 | AU35: 14 | AX35: 20 | BA35: 11 | BD35: 14 | BG35: 17 | BJ35: 16 | BM35: 15 | BP35: 16 | BT35: =13*1.1 -> 14.3
A36: Rounded | C36: =ROUND(C35,0) -> 11 | H36: 19 | K36: 15 | N36: 12 | Q36: 15 | T36: 8 | W36: 20 | Z36: 12 | AC36: 16 | AF36: =10*1.1 -> 11 | AI36: 16 | AL36: 9 | AO36: 13 | AR36: 13 | AU36: 7 | AX36: 21 | BA36: 6 | BD36: 19 | BG36: 22 | BJ36: 19 | BM36: 18 | BP36: 15 | BT36: 14
H37: =15*1.2 -> 18 | K37: 17 | N37: 17 | Q37: 12 | T37: =14*0.8 -> 11.2 | W37: 14 | Z37: 15 | AC37: 7 | AF37: 18 | AI37: 10 | AL37: 9 | AO37: 19 | AR37: 8 | AU37: 9 | AX37: 18 | BA37: 5 | BD37: 11 | BG37: =13*1.1 -> 14.3 | BJ37: 12 | BM37: 17 | BP37: 15 | BT37: =12*1.1 -> 13.2
A38: Adjustments | H38: 17 | K38: 8 | N38: 19 | Q38: 12 | T38: 3 | W38: 16 | Z38: 22 | AC38: 11 | AF38: 17 | AI38: 11 | AL38: 14 | AO38: 16 | AR38: 11 | AU38: 12 | AX38: 20 | BA38: 10 | BD38: 15 | BG38: =17*0.8 -> 13.6 | BJ38: 17 | BM38: 8 | BP38: 13 | BT38: 11
A39: ITC Black tees | C39: @90% | H39: 11 | K39: 18 | N39: 12 | Q39: 14 | T39: 14 | W39: 17 | Z39: 17 | AC39: =14*1.1 -> 15.4 | AF39: 14 | AI39: 13 | AL39: 16 | AO39: 15 | AR39: 16 | AU39: 5 | AX39: 17 | BA39: 9 | BD39: 17 | BG39: 19 | BJ39: 21 | BM39: 14 | BP39: =14*1.1 -> 15.4 | BT39: 13
A40: ITC Yellow tees | C40: +10% or min. 1 stroke | H40: 6 | K40: 12 | N40: 9 | Q40: 20 | T40: =12*1.1 -> 13.2 | W40: 21 | Z40: 16 | AC40: 14 | AF40: 12 | AI40: 14 | AL40: 5 | AO40: 19 | AR40: 12 | AU40: 6 | AX40: 18 | BA40: 6 | BD40: =14*1.1 -> 15.4 | BG40: 21 | BJ40: =15*1.1 -> 16.5 | BM40: 22 | BP40: 15 | BT40: 18
A41: ITC Blue tees | C41: +20% or min. 2 strokes | H41: 22 | K41: 23 | N41: 10 | Q41: 21 | T41: 12 | W41: 24 | Z41: 17 | AC41: =13*1.2 -> 15.6 | AF41: 17 | AI41: 18 | AL41: 7 | AO41: 20 | AR41: 8 | AU41: 8 | AX41: 16 | BA41: 7 | BD41: 24 | BG41: 14 | BJ41: 11 | BM41: 15 | BP41: =13*0.8 -> 10.4 | BT41: 12
A42: DGC Black tees | C42: @80% min 2 strokes | H42: 16 | K42: 16 | N42: 17 | Q42: 13 | T42: 15 | W42: =15*1.1 -> 16.5 | Z42: 9 | AC42: 17 | AF42: =15*1.2 -> 18 | AI42: 14 | AL42: 7 | AO42: 22 | AR42: 9 | AU42: 8 | AX42: 18 | BA42: =16*0.8 -> 12.8 | BD42: 24 | BG42: =21*0.8 -> 16.8 | BJ42: 14 | BM42: =16*1.2 -> 19.2 | BP42: =14*1.1 -> 15.4 | BT42: 11
A43: JP Black tees | C43: @80% | H43: 9 | K43: 10 | N43: 15 | Q43: 21 | T43: 12 | W43: 21 | Z43: 16 | AC43: =10*18/14 -> 12.857143 | AF43: =13*1.2 -> 15.6 | AI43: 12 | AL43: 11 | AO43: 11 | AR43: 9 | AU43: =12*0.8 -> 9.6 | AX43: 16 | BA43: =12*0.8 -> 9.6 | BD43: 16 | BG43: 19 | BJ43: 15 | BM43: 18 | BP43: 17 | BT43: 13
A44: JP Gold tees | C44: Same as DGC Blues | H44: 11 | K44: 13 | N44: 23 | Q44: 10 | T44: 10 | W44: 24 | Z44: 16 | AC44: 15 | AF44: 15 | AI44: 10 | AL44: 15 | AO44: 20 | AR44: 16 | AU44: 7 | AX44: 16 | BA44: =14*0.8 -> 11.2 | BD44: 18 | BG44: 13 | BJ44: 13 | BM44: 24 | BP44: =14*1.1 -> 15.4 | BT44: 14
A45: DGC (9A Blues+9B) | C45: +30% (min. 3 strokes) | H45: 19 | K45: =6*18/16 -> 6.75 | N45: 14 | Q45: 15 | T45: 13 | W45: 15 | Z45: 12 | AC45: 22 | AF45: 15 | AI45: 9 | AL45: 11 | AO45: 16 | AR45: 8 | AU45: 9 | AX45: =27*0.8 -> 21.6 | BA45: 12 | BD45: =12*18/14 -> 15.428571 | BG45: 12 | BJ45: 15 | BM45: 16 | BP45: 18 | BT45: 17
A46: DGC (9A Blacks+9B) | C46: +20% (min. 2 strokes) | H46: 12 | K46: =14*0.8 -> 11.2 | N46: 16 | Q46: 13 | T46: =8*1.1 -> 8.8 | W46: 13 | Z46: 16 | AC46: =12 -> 12 | AF46: 11 | AI46: 12 | AL46: =15*0.8 -> 12 | AO46: 20 | AR46: =19*0.8 -> 15.2 | AU46: 4 | AX46: 17 | BA46: 6 | BD46: 16 | BG46: 16 | BJ46: 15 | BM46: 16 | BP46: 20 | BT46: 14
A47: DLF Blacks | C47: @70% min. 3 strokes | H47: 16 | K47: =19*0.8 -> 15.2 | N47: 22 | Q47: 15 | T47: =10*0.8 -> 8 | W47: 20 | Z47: 15 | AC47: =11*18/14 -> 14.142857 | AF47: 7 | AI47: 12 | AL47: 15 | AO47: 12 | AR47: 19 | AU47: 2 | AX47: 14 | BA47: 7 | BD47: 15 | BG47: 12 | BJ47: 15 | BM47: =16*1.1 -> 17.6 | BP47: =11*18/14 -> 14.142857 | BT47: 10
A48: DLF Blues | C48: @80% min. 2 strokes | H48: 14 | K48: 9 | N48: 20 | Q48: 12 | T48: 9 | W48: 15 | Z48: 19 | AC48: 17 | AF48: 11 | AI48: 6 | AL48: =15*1.1 -> 16.5 | AO48: 12 | AR48: 6 | AU48: 7 | AX48: 17 | BA48: 7 | BD48: 18 | BG48: 20 | BJ48: 8 | BM48: 14 | BP48: 17 | BT48: 13
A49: DLF Whites | C49: @90% | H49: 15 | K49: 13 | N49: 22 | Q49: 16 | T49: 14 | W49: 21 | Z49: 16 | AC49: 20 | AF49: 11 | AI49: 12 | AL49: 12 | AO49: 15 | AR49: 8 | AU49: 6 | AX49: 18 | BA49: 15 | BD49: 16 | BG49: 15 | BJ49: =15*18/15 -> 18 | BM49: 24 | BP49: 19 | BT49: 9
A50: Noida | C50: +10% | H50: 16 | K50: 12 | N50: 20 | Q50: 24 | T50: 11 | W50: 16 | Z50: 12 | AC50: =9*18/15 -> 10.8 | AF50: 12 | AI50: 12 | AL50: =23*0.8 -> 18.4 | AO50: 19 | AR50: 10 | AU50: 7 | AX50: 17 | BA50: 8 | BD50: 18 | BG50: =15*1.2 -> 18 | BJ50: 15 | BM50: 18 | BP50: =(14*18/17)*0.9 -> 13.341176 | BT50: 14
A51: Lado Blue tees | C51: +20% min. 2 strokes | H51: 15 | K51: 16 | N51: 14 | Q51: 20 | T51: 14 | W51: 24 | Z51: 13 | AC51: 19 | AF51: 8 | AI51: 8 | AL51: 17 | AO51: 12 | AR51: 11 | AU51: 9 | AX51: 21 | BA51: =20*0.8 -> 16 | BD51: 10 | BG51: =14*18/15 -> 16.8 | BJ51: 17 | BM51: 16 | BP51: =18*0.7 -> 12.6 | BT51: 13
A52: Lado Black tees | C52: +10% min. 1 stroke | H52: 12 | K52: 15 | N52: 18 | Q52: 9 | T52: 12 | W52: 19 | Z52: 16 | AC52: 14 | AF52: 20 | AI52: =9*18/16 -> 10.125 | AL52: 12 | AO52: 15 | AR52: 21 | AU52: =9*18/14 -> 11.571429 | AX52: =17*0.9 -> 15.3 | BA52: 11 | BD52: 16 | BG52: 15 | BJ52: 16 | BM52: 16 | BP52: 9 | BT52: 10
A53: Airforce | C53: +20% | H53: 19 | K53: 20 | N53: 13 | Q53: 16 | T53: 12 | W53: 16 | Z53: 16 | AC53: 13 | AF53: 13 | AI53: =7*18/17 -> 7.4117647 | AL53: 15 | AO53: =23*0.8 -> 18.4 | AR53: 8 | AU53: 12 | AX53: 19 | BA53: 8 | BD53: =11*18/14 -> 14.142857 | BG53: 15 | BJ53: 18 | BM53: 17 | BP53: =13*0.8 -> 10.4 | BT53: 12
H54: 14 | K54: 16 | N54: 14 | Q54: 18 | T54: 17 | Z54: 11 | AC54: 15 | AF54: 10 | AI54: =10*18/16 -> 11.25 | AL54: 18 | AO54: 21 | AR54: =16*1.1 -> 17.6 | AU54: 9 | AX54: 22 | BA54: 5 | BD54: 16 | BG54: 18 | BJ54: 19 | BM54: 21 | BP54: =10*18/15 -> 12 | BT54: 16
A55: dgc blacks | B55: adjusted down by 20% (minimum 2 strokes) | H55: =12*1.2 -> 14.4 | K55: 17 | N55: 16 | Q55: 16 | T55: 12 | Z55: 17 | AC55: 12 | AF55: 19 | AI55: 8 | AL55: 7 | AO55: 12 | AR55: 13 | AU55: 1 | AX55: =19*1.1 -> 20.9 | BA55: 8 | BD55: 16 | BG55: =16*18/17 -> 16.941176 | BJ55: 19 | BM55: 15 | BP55: 14 | BT55: 17
A56: itc gold | B56: adjusted up by 10% (minimum one stroke) | G56: 139 | H56: =18*1.1 -> 19.8 | K56: =18*0.8 -> 14.4 | N56: =14*0.8 -> 11.2 | Q56: 16 | T56: 10 | Z56: =12*1.1 -> 13.2 | AC56: 17 | AF56: 14 | AI56: 11 | AL56: 13 | AO56: 6 | AR56: 14 | AU56: 9 | AX56: 19 | BA56: 6 | BD56: 19 | BG56: 18 | BJ56: =18*1.1 -> 19.8 | BM56: 16 | BP56: 19 | BT56: 15
A57: dlf (blue) | B57: adjusted down by 20% (minimum 2 strokes) | G57: 133 | H57: =18*1.2 -> 21.6 | K57: =16*1.1 -> 17.6 | N57: 15 | Q57: 12 | T57: =(12*18/17)*0.8 -> 10.164706 | Z57: 18 | AC57: 15 | AF57: 13 | AI57: =9*18/17 -> 9.5294118 | AL57: 11 | AO57: 13 | AR57: 19 | AU57: 4 | AX57: 24 | BA57: 10 | BD57: 17 | BG57: 18 | BJ57: 13 | BM57: 22 | BP57: 15 | BT57: 17
A58: dlf (blue) | B58: 73.7 | G58: 125 | H58: 6 | K58: 16 | N58: 15 | Q58: =12*18/14 -> 15.428571 | T58: 14 | Z58: 17 | AC58: 16 | AF58: 16 | AI58: 4 | AL58: 8 | AO58: 16 | AR58: 10 | AU58: 6 | AX58: 15 | BA58: 8 | BD58: 17 | BG58: 16 | BJ58: =16*1.1 -> 17.6 | BM58: 18 | BP58: 15 | BT58: 12
A59: dlf (white | B59: 71.1 | G59: 135 | H59: =15*1.1 -> 16.5 | K59: =21*0.8 -> 16.8 | N59: 24 | Q59: 19 | T59: 8 | Z59: 18 | AC59: 17 | AF59: 16 | AI59: 14 | AL59: 15 | AO59: 13 | AR59: =11*1.1 -> 12.1 | AU59: 14 | AX59: 19 | BA59: 6 | BD59: 8 | BG59: 12 | BJ59: 15 | BM59: 21 | BP59: 13 | BT59: 15
A60: oxford pune | B60: 70.2 | H60: =27*0.8 -> 21.6 | K60: 11 | N60: =13*1.1 -> 14.3 | Q60: 12 | T60: 19 | Z60: 17 | AC60: =11*1.1 -> 12.1 | AF60: 9 | AI60: 8 | AL60: 10 | AO60: 14 | AR60: 10 | AU60: 4 | AX60: 18 | BA60: 5 | BD60: 16 | BG60: 18 | BJ60: 17 | BM60: 18 | BP60: 14 | BT60: =15*0.8 -> 12
A61: prestige | B61: 71.1 | H61: 10 | K61: 15 | N61: 12 | Q61: 20 | T61: 10 | Z61: 17 | AC61: 12 | AF61: 8 | AI61: 9 | AL61: 9 | AO61: 17 | AR61: 19 | AU61: 9 | AX61: 21 | BA61: 8 | BD61: 20 | BG61: 14 | BJ61: 12 | BM61: 20 | BP61: 13 | BT61: 19
H62: =20*0.8 -> 16 | K62: 18 | N62: 9 | Q62: 22 | T62: =12*0.8 -> 9.6 | Z62: 13 | AC62: 13 | AF62: 14 | AI62: =8*18/14 -> 10.285714 | AL62: 15 | AO62: 20 | AR62: 16 | AU62: 3 | AX62: 24 | BA62: -1 | BD62: 20 | BG62: 16 | BJ62: 19 | BM62: 20 | BP62: 13 | BT62: 9
H63: 16 | K63: 12 | N63: 15 | Q63: 21 | T63: 12 | Z63: =16*1.1 -> 17.6 | AC63: 14 | AF63: 11 | AI63: 4 | AL63: 10 | AO63: 13 | AR63: 10 | AU63: 6 | AX63: =18*1.2 -> 21.6 | BA63: 11 | BD63: 22 | BG63: 12 | BJ63: 16 | BM63: 20 | BP63: 19 | BT63: 10
H64: =17*1.2 -> 20.4 | K64: 12 | N64: 15 | Q64: =20*1.1 -> 22 | T64: =14*0.8 -> 11.2 | Z64: 16 | AC64: 13 | AF64: 17 | AI64: 10 | AL64: 13 | AO64: 10 | AR64: 11 | AU64: 5 | AX64: 17 | BA64: 8 | BD64: 10 | BG64: 16 | BJ64: 12 | BM64: 16 | BP64: =8*18/15 -> 9.6 | BT64: 14
A65: Red Mountain | H65: 17 | K65: =13*18/16 -> 14.625 | N65: 10 | Q65: 20 | T65: =15*18/17 -> 15.882353 | Z65: 16 | AC65: 16 | AF65: 13 | AI65: 4 | AL65: 13 | AO65: 15 | AR65: 10 | AU65: 4 | AX65: 21 | BA65: 7 | BD65: 17 | BG65: 13 | BJ65: 11 | BM65: 16 | BP65: =9*18/14 -> 11.571429 | BT65: =19*0.8 -> 15.2
A66: 128 / 70.4 | H66: 13 | K66: =11*18/16 -> 12.375 | N66: 20 | Q66: 18 | T66: 17 | Z66: =12*1.1 -> 13.2 | AC66: 15 | AF66: 14 | AI66: =9*1.1 -> 9.9 | AL66: 19 | AO66: 15 | AR66: 6 | AU66: 6 | AX66: 21 | BA66: 4 | BD66: 22 | BG66: 16 | BJ66: =4*18/14 -> 5.1428571 | BM66: 16 | BP66: 11 | BT66: 13
A67: Loch Palm | H67: 10 | K67: =14*18/17 -> 14.823529 | N67: 13 | Q67: 14 | T67: 10 | Z67: 14 | AC67: 18 | AF67: 13 | AI67: 2 | AL67: 10 | AO67: 15 | AR67: 9 | AU67: 4 | AX67: 17 | BA67: 11 | BD67: 17 | BG67: 8 | BJ67: 17 | BM67: 16 | BP67: 8 | BT67: 17
A68: 130 / 70.9 | H68: 13 | K68: =8*18/17 -> 8.4705882 | N68: 16 | Q68: 16 | T68: 16 | Z68: 5 | AC68: 22 | AF68: 11 | AI68: 6 | AL68: 7 | AO68: 14 | AR68: 10 | AU68: 2 | AX68: 20 | BA68: 5 | BD68: 20 | BG68: 19 | BJ68: =9*18/14 -> 11.571429 | BM68: 18 | BP68: =15*18/14 -> 19.285714 | BT68: 10
A69: DLF | H69: 12 | K69: 13 | N69: 10 | Q69: 23 | T69: 9 | Z69: 14 | AC69: =21*1.1 -> 23.1 | AF69: 11 | AI69: =9*1.1 -> 9.9 | AL69: 16 | AO69: 13 | AR69: 15 | AU69: 11 | AX69: 17 | BA69: 12 | BD69: 18 | BG69: 15 | BJ69: =17*18/17 -> 18 | BM69: 13 | BP69: 13 | BT69: 11
A70: 139 / 73.7 | H70: 19 | K70: 13 | N70: 13 | Q70: 15 | T70: 11 | Z70: 13 | AC70: 12 | AF70: 6 | AI70: 13 | AL70: 13 | AO70: 12 | AR70: 11 | AU70: 9 | AX70: 17 | BA70: 0 | BD70: 14 | BG70: 17 | BJ70: 8 | BM70: 15 | BP70: 10 | BT70: =18*0.9 -> 16.2
A71: Srinagar | H71: =18*1.1 -> 19.8 | K71: 9 | N71: 10 | Q71: 19 | T71: =12*0.8 -> 9.6 | Z71: 16 | AC71: 14 | AF71: 16 | AI71: 6 | AL71: 16 | AO71: 16 | AR71: 6 | AU71: =11*1.2 -> 13.2 | AX71: 21 | BA71: 11 | BD71: 13 | BG71: 17 | BJ71: 11 | BM71: 13 | BP71: 17 | BT71: 15
A72: 121 / 70.7 | H72: 13 | K72: 14 | N72: 12 | Q72: 22 | T72: 7 | Z72: 10 | AC72: 20 | AF72: 14 | AI72: 8 | AL72: 12 | AO72: 18 | AR72: 7 | AU72: 9 | AX72: 22 | BA72: =0.142857142857143*18 -> 2.5714286 | BD72: 16 | BG72: 11 | BJ72: 13 | BM72: 12 | BP72: 18 | BT72: =13*1.1 -> 14.3
A73: Oxford Pune | H73: 15 | K73: 15 | N73: 7 | Q73: 22 | T73: =14*0.8 -> 11.2 | Z73: 14 | AC73: 17 | AF73: 14 | AI73: 5 | AL73: 14 | AO73: 12 | AR73: 11 | AU73: 5 | AX73: 20 | BA73: 12 | BD73: 22 | BG73: 16 | BJ73: 9 | BM73: 15 | BP73: 16 | BT73: 16
A74: 125 / 70.2 | H74: 15 | K74: 11 | N74: 13 | Q74: 22 | T74: 16 | Z74: 7 | AC74: =18*0.8 -> 14.4 | AF74: 17 | AI74: 9 | AL74: 12 | AO74: 14 | AR74: 9 | AU74: 9 | AX74: 24 | BA74: 8 | BD74: 14 | BG74: 19 | BJ74: 10 | BM74: 13 | BP74: 17 | BT74: 14
A75: Prestige Bangalore | H75: 21 | K75: 11 | N75: 13 | Q75: 15 | T75: 24 | Z75: 10 | AC75: 14 | AF75: 13 | AI75: 12 | AL75: 8 | AO75: 7 | AR75: 13 | AU75: 7 | AX75: 18 | BA75: 8 | BD75: 10 | BG75: 11 | BJ75: =13*1.2 -> 15.6 | BM75: 19 | BP75: 13 | BT75: 14
A76: 135 / 71.1 | H76: 18 | K76: 11 | N76: 12 | Q76: 20 | T76: 13 | Z76: 14 | AC76: 11 | AF76: 16 | AI76: 13 | AL76: 15 | AO76: =12*18/15 -> 14.4 | AR76: 10 | AU76: 5 | AX76: 21 | BA76: 7 | BD76: 16 | BG76: 16 | BJ76: =(15*18/17) -> 15.882353 | BM76: 19 | BP76: =27*0.8 -> 21.6 | BT76: 17
A77: DGC Black tees | H77: 13 | K77: 10 | N77: 16 | Q77: 22 | T77: 17 | Z77: 9 | AC77: 14 | AF77: 13 | AI77: 12 | AL77: 10 | AO77: 14 | AR77: 11 | AU77: 8 | AX77: 21 | BA77: 11 | BD77: 10 | BG77: =10*1.2 -> 12 | BJ77: 14 | BM77: =17*1.1 -> 18.7 | BP77: =11*1.1 -> 12.1 | BT77: =11*1.2 -> 13.2
A78: 130 / 73.5 | H78: 18 | K78: 6 | N78: 11 | Q78: 16 | T78: 13 | Z78: 8 | AC78: 9 | AF78: 8 | AI78: 14 | AL78: 13 | AO78: =9*18/15 -> 10.8 | AR78: 10 | AU78: 10 | AX78: =14*1.2 -> 16.8 | BA78: 8 | BD78: =10*18/14 -> 12.857143 | BG78: =9*0.8 -> 7.2 | BJ78: 16 | BM78: =15*0.8 -> 12 | BP78: =13*1.1 -> 14.3 | BT78: 17
A79: DGC Blue tees | H79: 18 | K79: 17 | N79: 13 | Q79: 16 | Z79: 18 | AC79: 14 | AF79: 10 | AI79: =13*1.3 -> 16.9 | AL79: 13 | AO79: 14 | AR79: 14 | AU79: 9 | AX79: =15*1.2 -> 18 | BA79: 15 | BD79: =12*18/14 -> 15.428571 | BG79: 15 | BJ79: 19 | BM79: =17*1.1 -> 18.7 | BP79: =20*0.8 -> 16 | BT79: 11
A80: 122.7 / 72.1 | H80: 12 | K80: =11*18/14 -> 14.142857 | N80: 15 | Q80: 8 | Z80: 14 | AC80: =11*1.1 -> 12.1 | AF80: 17 | AI80: 11 | AL80: 5 | AO80: =12*18/17 -> 12.705882 | AR80: 10 | AU80: 11 | AX80: 14 | BA80: =13*0.8 -> 10.4 | BD80: =11*18/14 -> 14.142857 | BG80: =10*18/14 -> 12.857143 | BJ80: 11 | BM80: =13*1.1 -> 14.3 | BP80: =19*0.8 -> 15.2 | BT80: 24
A81: Centurion Hertfordshire Silver Tees | H81: 17 | K81: 10 | N81: 19 | Q81: 12 | Z81: 14 | AC81: 17 | AF81: 10 | AI81: =8*18/14 -> 10.285714 | AL81: 5 | AO81: 17 | AR81: =13*1.2 -> 15.6 | AU81: 9 | AX81: 17 | BA81: 6 | BD81: 12 | BG81: 10 | BJ81: 5 | BM81: =16*1.1 -> 17.6 | BP81: 7 | BT81: =13*1.2 -> 15.6
A82: 137 / 73.5 | H82: 21 | K82: 17 | N82: 10 | Q82: 17 | Z82: 13 | AC82: 16 | AF82: 5 | AI82: =9*1.1 -> 9.9 | AL82: 7 | AO82: 15 | AR82: 12 | AU82: 11 | AX82: 19 | BA82: 9 | BD82: =10*18/14 -> 12.857143 | BG82: 13 | BJ82: 7 | BM82: =19*0.8 -> 15.2 | BP82: 17 | BT82: =14*1.2 -> 16.8
A83: Brocket Hall Palmerston White Tees | H83: 10 | K83: 18 | N83: 17 | Q83: 14 | Z83: 16 | AC83: 15 | AF83: 7 | AI83: 8 | AL83: =14*0.8 -> 11.2 | AO83: 6 | AR83: 8 | AU83: 7 | AX83: 19 | BA83: 8 | BD83: =12*18/14 -> 15.428571 | BG83: 7 | BJ83: =13*18/16 -> 14.625 | BM83: 17 | BP83: 15 | BT83: 13
A84: 131 / 72.6 | H84: 22 | K84: 17 | N84: 14 | Q84: 18 | Z84: 12 | AC84: 16 | AF84: 24 | AI84: 9 | AL84: 12 | AO84: 24 | AR84: 7 | AU84: 10 | AX84: 18 | BA84: 13 | BD84: =10*18/14 -> 12.857143 | BG84: 11 | BJ84: 13 | BM84: 9 | BP84: 22 | BT84: 13
A85: Wentworth West White Tees | H85: =12*18/14 -> 15.428571 | K85: 11 | N85: 16 | Q85: 12 | Z85: 11 | AC85: 19 | AI85: 12 | AL85: 14 | AO85: 22 | AR85: 8 | AU85: 13 | AX85: =15*18/14 -> 19.285714 | BA85: 7 | BD85: 18 | BG85: 17 | BJ85: 15 | BM85: 16 | BP85: 17 | BT85: 17
A86: 151 / 76 | H86: =14*1.1 -> 15.4 | K86: 7 | N86: 18 | Q86: 20 | Z86: 9 | AC86: 7 | AI86: 13 | AL86: 13 | AO86: 19 | AR86: 10 | AU86: 9 | AX86: 21 | BA86: 7 | BD86: 19 | BG86: 10 | BJ86: 18 | BM86: 15 | BP86: 18 | BT86: 18
A87: Wentworth West Yellow Tees Par 71 | H87: 11 | K87: 13 | N87: 17 | Q87: =18*18/16 -> 20.25 | Z87: 17 | AC87: 18 | AI87: 11 | AL87: 14 | AO87: 20 | AR87: 12 | AU87: 9 | AX87: 10 | BA87: -1 | BD87: 21 | BG87: 11 | BJ87: 10 | BM87: 14 | BP87: =12*18/17 -> 12.705882 | BT87: 15
A88: 148 / 74.2 | H88: =12*1.2 -> 14.4 | K88: 14 | N88: 13 | Q88: =19*1.1 -> 20.9 | Z88: 11 | AC88: 11 | AI88: 11 | AL88: 7 | AO88: 13 | AR88: 8 | AU88: 7 | AX88: =20*18/17 -> 21.176471 | BA88: 8 | BD88: =16*1.1 -> 17.6 | BG88: 20 | BJ88: 11 | BM88: =28*0.8 -> 22.4 | BP88: 18 | BT88: 9
A89: Wentworth East White Tees Par 73 | H89: =12*1.2 -> 14.4 | K89: 14 | N89: 16 | Q89: =14*1.1 -> 15.4 | Z89: 10 | AC89: 12 | AI89: 13 | AL89: 11 | AO89: 18 | AR89: 13 | AU89: 5 | AX89: =13*18/14 -> 16.714286 | BA89: 8 | BD89: =16*1.1 -> 17.6 | BG89: 19 | BJ89: 13 | BM89: 24 | BP89: 16 | BT89: 14
A90: 132 / 70.8 | H90: =15*1.2 -> 18 | K90: 9 | N90: 12 | Q90: =27*0.8 -> 21.6 | Z90: 9 | AC90: 12 | AI90: 8 | AL90: 19 | AO90: 16 | AR90: 13 | AU90: =3*18/16 -> 3.375 | AX90: 13 | BA90: 12 | BD90: =12*1.1 -> 13.2 | BG90: 10 | BJ90: 8 | BM90: =12*1.1 -> 13.2 | BP90: 18 | BT90: 12
A91: Wentworth East Yellow Tees Par 73 | H91: 16 | K91: =17*0.8 -> 13.6 | N91: 12 | Q91: 14 | Z91: 9 | AC91: 15 | AI91: 5 | AL91: 5 | AO91: 14 | AR91: 10 | AU91: =3*18/16 -> 3.375 | AX91: 14 | BA91: 13 | BD91: =15*1.1 -> 16.5 | BG91: 15 | BJ91: 12 | BM91: 18 | BP91: 14 | BT91: 14
A92: 129 / 69.5 | H92: 22 | K92: 13 | N92: =12*1.2 -> 14.4 | Q92: 13 | Z92: 11 | AC92: 19 | AI92: 9 | AL92: 5 | AO92: 19 | AR92: 10 | AU92: 10 | AX92: 19 | BA92: 4 | BD92: 18 | BG92: 11 | BJ92: 17 | BM92: 20 | BP92: =18*0.8 -> 14.4 | BT92: 10
A93: Wentworth Edinburgh White Tees Par 72 | H93: 17 | K93: 18 | N93: =20*0.8 -> 16 | Q93: 15 | Z93: 17 | AI93: =15*0.8 -> 12 | AL93: 10 | AO93: 9 | AR93: 12 | AU93: =17*1.2 -> 20.4 | AX93: 20 | BA93: 16 | BD93: 16 | BG93: =16*18/17 -> 16.941176 | BJ93: 17 | BM93: 15 | BP93: =20*1.1 -> 22 | BT93: 11
A94: 139 / 75 | H94: 19 | K94: 11 | N94: =18*0.8 -> 14.4 | Q94: 14 | Z94: 11 | AI94: 8 | AL94: 9 | AO94: 11 | AR94: 11 | AU94: 4 | AX94: 17 | BA94: 6 | BD94: 16 | BG94: 15 | BJ94: 7 | BM94: 18 | BP94: 11 | BT94: 14
A95: Wentworth Edinburgh Yellow Tees Par 72 | H95: =13*1.2 -> 15.6 | K95: 19 | N95: =17*0.8 -> 13.6 | Q95: 19 | Z95: 14 | AI95: =8*1.1 -> 8.8 | AL95: 6 | AO95: 9 | AR95: 12 | AU95: =5*18/16 -> 5.625 | AX95: 21 | BA95: =14*0.8 -> 11.2 | BD95: 12 | BG95: 9 | BJ95: 17 | BM95: 13 | BP95: 21 | BT95: 21
A96: 135 / 72.9 | H96: 18 | K96: =22*0.8 -> 17.6 | N96: =20*0.8 -> 16 | Q96: 14 | Z96: 12 | AI96: 5 | AL96: 8 | AO96: 11 | AR96: 13 | AU96: =9*18/16 -> 10.125 | AX96: 17 | BA96: 8 | BD96: 16 | BG96: 14 | BJ96: =(9*18/15)*1.1 -> 11.88 | BM96: 18 | BP96: =13*1.1 -> 14.3 | BT96: 16
A97: Shire London Emerald Tees | H97: 13 | K97: 12 | N97: =21*0.8 -> 16.8 | Q97: 18 | Z97: 12 | AL97: 8 | AO97: 16 | AR97: 11 | AU97: 11 | AX97: 17 | BA97: =11*0.8 -> 8.8 | BD97: 17 | BG97: 15 | BJ97: 17 | BM97: =17*1.1 -> 18.7 | BP97: 17 | BT97: 17
A98: 101.9 / 74.9 | H98: 15 | K98: 15 | N98: =14*0.8 -> 11.2 | Q98: 20 | Z98: 10 | AL98: 11 | AO98: 13 | AR98: 8 | AU98: 9 | AX98: 17 | BA98: 6 | BD98: =14*1.1 -> 15.4 | BG98: 12 | BJ98: 12 | BM98: 15 | BP98: 11 | BT98: 14
A99: Royal Calcutta White Tees | H99: 11 | K99: 16 | N99: =19*0.8 -> 15.2 | Q99: 16 | Z99: 13 | AL99: 11 | AO99: 16 | AR99: 15 | AU99: 9 | AX99: 13 | BA99: 1 | BD99: 13 | BG99: 14 | BJ99: 7 | BM99: 19 | BP99: 15 | BT99: 14
A100: 131 / 73.3 | H100: =9*1.1 -> 9.9 | K100: 14 | N100: 9 | Q100: 15 | Z100: 15 | AL100: 13 | AO100: 18 | AR100: 16 | AU100: 9 | AX100: 19 | BA100: 8 | BD100: =21*0.8 -> 16.8 | BG100: 9 | BJ100: 9 | BM100: 17 | BP100: =(15*18/17)*1.1 -> 17.470588 | BT100: 20
...
